Posición;Tiempo_búsqueda_lineal;Tiempo_búsqueda_binaria;Tiempo_búsqueda_doblada
199999;1.46044e+06;607.28;888.665
399998;2.92381e+06;1323.62;1721.17
599997;4.41585e+06;1038.65;1570.98
799996;5.85602e+06;1158.27;1653.48
999995;7.34436e+06;605.838;1871.66
1199994;8.90519e+06;1577.98;1810.81
1399993;1.0356e+07;1474.13;2536.47
1599992;1.17395e+07;1474.35;1797.49
1799991;1.33299e+07;1645.2;1879.84
1999990;1.48859e+07;1362.32;2283.27
