Posición;Tiempo_búsqueda_lineal;Tiempo_búsqueda_binaria;Tiempo_búsqueda_doblada
200000;1.49642e+06;594.368;803.229
400000;3.05327e+06;943.108;1547.21
600000;4.42236e+06;751.886;1399.84
800000;5.91426e+06;921.365;1844.18
1000000;7.28041e+06;50.1741;1699.89
1200000;8.76082e+06;1518.74;2363.08
1400000;1.02326e+07;1785.24;2229.82
1600000;1.17389e+07;1295.59;2202.29
1800000;1.32394e+07;1486.99;2201.26
2000000;38.3468;186.713;231.585
