Tamaños;Tiempo_búsqueda_lineal;Tiempo_búsqueda_binaria;Tiempo_búsqueda_doblada
100;1177.9;139.247;199.329
10000;72774.9;134.673;199.935
50000;412628;216.875;612.002
100000;768246;213.781;635.469
300000;2.32029e+06;421.545;1469.44
500000;3.69151e+06;418.476;1229.82
800000;5.91939e+06;497.259;1431.33
1000000;7.33476e+06;555.836;1600.45
1500000;1.10707e+07;1044.11;2089.57
2000000;1.47591e+07;1282.65;2639.37
