Tamaños;Tiempo_búsqueda_lineal;Tiempo_búsqueda_binaria;Tiempo_búsqueda_doblada
100;785.933;89.9526;147.487
10000;82048.6;143.284;225.73
50000;395551;202.425;465.154
100000;813055;278.547;949.7
300000;2.33557e+06;484.522;1622.64
500000;3.9343e+06;701.101;2220.7
800000;6.46291e+06;1153.3;2918.7
1000000;8.02894e+06;1105.89;2807.45
1500000;1.19318e+07;1587.84;2858.81
2000000;1.56789e+07;1361.04;2639.74
