Tamaños;Tiempo_búsqueda_lineal;Tiempo_búsqueda_binaria;Tiempo_búsqueda_doblada
10;169.652;89.943;203.943
50;733.887;120.181;203.032
500;4954.86;136.256;266.775
2000;18730.8;138.411;209.854
10000;83036.5;173.835;279.987
30000;229615;172.967;337.518
100000;743894;225.621;681.43
500000;3.82424e+06;813.295;2638.79
2000000;1.54102e+07;1775.65;3489.04
10000000;7.39292e+07;2218.67;3007.77
30000000;2.21859e+08;2719.15;3120.94
100000000;7.35999e+08;3546.11;3773.75
300000000;2.20855e+09;3996.72;3276.94
